smiles,A,B,r2,n_pts,T_min,T_max,is_hc,eta_300,d_eta_dA_300,d_eta_dB_300,rel_sens_A,impact_1pct_A,impact_1pct_B_300,eta_5pct_err
Br,-9.828999434868706,-322.21679074534023,0.9904270133174192,10,250.0,500.0,False,1.8401922704111975e-05,1.8401922704111975e-05,6.133974234703992e-08,9.828999434868706,0.09828999434868706,0.010740559691511341,72.4871871271755
C,-10.41388545210469,-296.3155550862415,0.9959921517290258,28,250.0,500.0,True,1.1177542025013761e-05,1.1177542025013761e-05,3.725847341671254e-08,10.41388545210469,0.1041388545210469,0.009877185169541383,76.84088694023632
C#CC,-10.516884542295095,-335.7695373210499,0.9973695591251086,8,277.78,472.22,True,8.840949006809284e-06,8.840949006809284e-06,2.946983002269761e-08,10.516884542295095,0.10516884542295095,0.011192317910701664,78.92666025844848
C1CC1,-10.442425647520427,-356.50549122243524,0.9966778820611184,8,277.78,472.22,True,8.888277493899136e-06,8.888277493899136e-06,2.9627591646330453e-08,10.442425647520427,0.10442425647520427,0.011883516374081174,78.87890172807283
C1CCC2(CC1)CCCCC2,-11.51535652474082,1700.4059564370632,0.9975256143045568,10,250.0,500.0,True,0.002887579503162171,0.002887579503162171,9.625265010540571e-06,11.51535652474082,0.1151535652474082,0.05668019854790211,136.11972954645424
C1CCCC2(CC1)CCCCC2,-11.57327275427511,1805.3146262717955,0.9967928106059966,9,277.78,500.0,True,0.0038659132665936386,0.0038659132665936386,1.2886377555312128e-05,11.57327275427511,0.1157327275427511,0.06017715420905985,140.98136208354023
C=C,-10.429134645502558,-310.70441750754605,0.9959877558336542,8,250.0,444.44,True,1.0492854700176137e-05,1.0492854700176137e-05,3.497618233392046e-08,10.429134645502558,0.10429134645502558,0.010356813916918202,77.40069504965336
C=C(C)[C@H]1CC=C(C)CC1,-11.1304309526303,1221.7826125878614,0.9968791305840018,11,283.15,373.15,True,0.0008606503410263158,0.0008606503410263158,2.8688344700877194e-06,11.1304309526303,0.111304309526303,0.04072608708626205,113.86012269630919
C=C/C=C/C,-10.779807350461578,-344.36429058719096,0.9973055870393478,7,333.33,500.0,True,6.604968962546739e-06,6.604968962546739e-06,2.201656320848913e-08,10.779807350461578,0.10779807350461579,0.011478809686239698,81.55426721623951
C=C=C,-10.559659822256949,-317.8840047671229,0.9973707868767526,6,250.0,388.89,True,8.99111966633953e-06,8.99111966633953e-06,2.997039888779843e-08,10.559659822256949,0.10559659822256949,0.01059613349223743,78.77603915553124
C=C=O,-10.298222315716446,-348.7854331174944,0.9939596318747178,10,250.0,500.0,False,1.0534653241968166e-05,1.0534653241968166e-05,3.511551080656055e-08,10.298222315716446,0.10298222315716446,0.011626181103916479,77.36543474580289
C=CC,-10.506794595036832,-343.34187401225813,0.9947083466220858,10,250.0,500.0,True,8.708007891027262e-06,8.708007891027262e-06,2.9026692970090873e-08,10.506794595036832,0.10506794595036832,0.011444729133741938,79.06225907149395
C=CC(C)(O)CCC=C(C)C,-16.22695566455873,3233.1983898745684,0.9930397486010756,9,283.15,353.15,False,0.004297904510037972,0.004297904510037972,1.432634836679324e-05,16.22695566455873,0.16226955664558732,0.10777327966248561,285.825180852255
C=CCC=C,-10.613836275830508,-380.07001793770064,0.9968339975425092,8,305.56,500.0,True,6.922480937388819e-06,6.922480937388819e-06,2.307493645796273e-08,10.613836275830508,0.10613836275830509,0.012669000597923355,81.12855047030256
C=CCc1ccc(O)c(OC)c1,-13.254798869856867,2490.632336473719,0.9787045237124418,10,277.78,500.0,False,0.007064372523288073,0.007064372523288073,2.3547908410960244e-05,13.254798869856867,0.13254798869856868,0.0830210778824573,193.834157749551
CC,-10.49415137892683,-326.0696465796211,0.9940848493514237,17,250.0,500.0,True,9.341439450345875e-06,9.341439450345875e-06,3.1138131501152916e-08,10.49415137892683,0.1049415137892683,0.010868988219320704,78.4346978717471
CC(=O)OCC(COC(C)=O)OC(C)=O,-17.13731301723978,3875.4667968156486,0.9937846695303377,10,293.15,338.15,False,0.014712021045420699,0.014712021045420699,4.904007015140233e-05,17.13731301723978,0.1713731301723978,0.12918222656052164,349.41510454354477
CC(=O)OCCC(C)C,-11.398112837269194,1279.9037241374333,0.99517027711971,14,288.15,358.15,False,0.0007993056935843542,0.0007993056935843542,2.6643523119478474e-06,11.398112837269194,0.11398112837269193,0.04266345747124778,118.85143381598544
CC(=O)OCc1ccccc1,-11.751636026466938,1656.4377037677875,0.9928980298051664,12,288.15,358.15,False,0.0019691033071170625,0.0019691033071170625,6.563677690390208e-06,11.751636026466938,0.11751636026466938,0.05521459012559292,137.18132617261293
CC(=O)c1cccc(O)c1,-13.288688501316772,3008.4611599917484,0.9968325122203614,5,388.89,500.0,False,0.038369798176083,0.038369798176083,0.00012789932725360998,13.288688501316772,0.13288688501316773,0.10028203866639161,220.86318084949147
CC(C)(C)C(C)(C)C,-10.617092356391492,-424.3853594999303,0.999241489848309,5,388.89,500.0,True,5.952434744255776e-06,5.952434744255776e-06,1.984144914751925e-08,10.617092356391492,0.10617092356391492,0.014146178649997676,82.50100813919185
CC(C)(N=C=O)c1cccc(C(C)(C)N=C=O)c1,-12.788490106828675,2383.333063600149,0.9960930734356341,9,277.78,500.0,False,0.007875122321557815,0.007875122321557815,2.625040773852605e-05,12.788490106828675,0.12788490106828676,0.0794444354533383,181.9745640867919
CC(C)=CCCC(C)=CC=O,-11.918215939337102,1701.1642101472492,0.9969661683975709,9,283.15,353.15,False,0.0019349601013320728,0.0019349601013320728,6.449867004440243e-06,11.918215939337102,0.11918215939337103,0.056705473671574975,140.95455598024276
CC(C)C(C)O,-10.498580194726852,-439.03769554305813,0.9998236077381513,5,388.89,500.0,False,6.381935224546645e-06,6.381935224546645e-06,2.1273117415155483e-08,10.498580194726852,0.10498580194726852,0.014634589851435271,81.86636242589688
CC(C)[C@@H]1CC[C@@H](C)C[C@H]1O,-20.99350321394835,5284.705852789533,0.9705247514591107,18,303.15,500.0,False,0.03412186021767679,0.03412186021767679,0.00011373953405892263,20.99350321394835,0.2099350321394835,0.17615686175965112,589.2676488718738
CC(F)(F)F,-10.232611269232967,-344.5851795291971,0.9946445256046947,10,250.0,500.0,False,1.1407625366998508e-05,1.1407625366998508e-05,3.802541788999502e-08,10.232611269232967,0.10232611269232968,0.011486172650973236,76.66081818283182
CC(O)CN,-18.82193400265393,4511.707215078693,0.9937325528300388,11,288.15,343.15,False,0.022756375015191416,0.022756375015191416,7.585458338397139e-05,18.82193400265393,0.18821934002653928,0.1503902405026231,443.6023953008963
CC(O)CNCC(C)O,-28.01091206552645,8392.462461873049,0.9987978460986583,5,313.15,343.15,False,0.9646044166540125,0.9646044166540125,0.003215348055513375,28.01091206552645,0.2801091206552645,0.27974874872910166,1543.2964483768103
CC/C=C\C/C=C\C/C=C\CCCCCCCC(=O)O,-18.877600833339983,2285.1167647387256,0.992789830313467,6,293.15,343.15,False,1.2870856983641554e-05,1.2870856983641554e-05,4.290285661213851e-08,18.877600833339983,0.18877600833339983,0.07617055882462419,276.11803679763824
CC/C=C\C/C=C\C/C=C\CCCCCCCC(=O)OC,-11.476290725634557,1767.4815723869576,0.9867158994094382,20,278.15,373.15,False,0.003754930568519048,0.003754930568519048,1.2516435228396827e-05,11.476290725634557,0.11476290725634558,0.058916052412898594,138.30824537736254
CC1=CCC2CC1C2(C)C,-11.276116434380214,1381.4040024956294,0.9998813264388291,9,283.15,353.15,True,0.0012665780979148069,0.0012665780979148069,4.221926993049356e-06,11.276116434380214,0.11276116434380214,0.04604680008318764,121.23157600414096
CC1CC(C)S(=O)(=O)C1,-12.164742393164355,2221.3921134016346,0.9915230527645137,9,277.78,500.0,False,0.008564735620064276,0.008564735620064276,2.8549118733547588e-05,12.164742393164355,0.12164742393164354,0.07404640378005449,166.03804491390517
CC1CCS(=O)(=O)C1,-12.044159062542672,2263.853442988332,0.9935728228276465,9,277.78,500.0,False,0.011131449158523161,0.011131449158523161,3.710483052841054e-05,12.044159062542672,0.12044159062542673,0.07546178143294441,166.31692482422403
CC=C(CCCC)[N+](=O)[O-],-9.56601732797212,634.4328148852488,0.9999994347841343,8,305.56,500.0,False,0.0005807203290552475,0.0005807203290552475,1.935734430184158e-06,9.56601732797212,0.09566017327972119,0.02114776049617496,79.32680273729724
CC=C(CCCCC)[N+](=O)[O-],-9.666815002882988,692.6005657386045,0.9999999245437656,8,305.56,500.0,False,0.0006373787784772668,0.0006373787784772668,2.124595928257556e-06,9.666815002882988,0.09666815002882988,0.023086685524620152,81.98865750894998
CCC,-10.595718590462562,-333.1041618329457,0.993497722380791,15,250.0,500.0,True,8.243662813805954e-06,8.243662813805954e-06,2.7478876046019847e-08,10.595718590462562,0.10595718590462562,0.01110347206109819,79.55354707125271
CCCC(N)=O,-13.241777741221712,2693.055648514836,0.9999980463131015,5,388.89,500.0,False,0.014052912918858873,0.014052912918858873,4.684304306286291e-05,13.241777741221712,0.13241777741221714,0.08976852161716119,203.71862013937857
CCCC(O)CC(C)C,-21.458614013502835,4998.00348511318,0.9506077729591905,10,250.0,500.0,False,0.008241257013948436,0.008241257013948436,2.7470856713161454e-05,21.458614013502835,0.21458614013502836,0.16660011617043935,572.5668202559626
CCCC=C(CCCC)[N+](=O)[O-],-9.750302304684018,736.4193841550447,0.9999999919472611,7,333.33,500.0,False,0.0006785373555215631,0.0006785373555215631,2.2617911850718773e-06,9.750302304684018,0.09750302304684018,0.024547312805168156,84.0894655487848
CCCCBr,-10.68649933985436,977.993935851601,0.9988870807471777,7,288.15,318.15,False,0.0005952556661610894,0.0005952556661610894,1.984185553870298e-06,10.68649933985436,0.10686499339854359,0.032599797861720035,100.83710212523074
CCCCC(=O)OC,-11.2190837199229,1163.285694027646,0.9996318773921467,5,283.15,313.15,False,0.0006481005267109917,0.0006481005267109917,2.1603350890366393e-06,11.2190837199229,0.112190837199229,0.03877618980092154,112.72607835962512
CCCCC(C)CCC,-11.275346472019084,1142.1813354095964,0.9906319881954311,10,283.15,373.15,True,0.0005710262633613648,0.0005710262633613648,1.903420877871216e-06,11.275346472019084,0.11275346472019085,0.03807271118031988,112.57631759044249
CCCCC(CC)C(=O)O,-13.036004673332618,2345.885128056029,0.9999999676471254,10,250.0,500.0,False,0.005426897995546099,0.005426897995546099,1.8089659985153662e-05,13.036004673332618,0.13036004673332618,0.07819617093520097,183.70962681809692
CCCCC(O)C(C)C,-21.824558295037654,5145.500378010322,0.951923451429431,10,250.0,500.0,False,0.009345219327275651,0.009345219327275651,3.1150731090918834e-05,21.824558295037654,0.21824558295037655,0.17151667926701072,602.033762132407
CCCCC/C=C\C/C=C\CCCCCCCC(=O)OC,-11.899769831219052,1936.5135211497075,0.9983419391826183,16,278.15,353.15,False,0.004319028610375395,0.004319028610375395,1.439676203458465e-05,11.899769831219052,0.11899769831219052,0.06455045070499026,150.36276624730215
CCCCC=C(C)[N+](=O)[O-],-9.442914802257675,595.1718556783259,0.9999993571806597,8,305.56,500.0,False,0.00057622715040611,0.00057622715040611,1.920757168020367e-06,9.442914802257675,0.09442914802257675,0.019839061855944196,77.06399756376818
CCCCC=C(CC)[N+](=O)[O-],-9.558812137070833,648.609479405417,0.9999999140938955,8,305.56,500.0,False,0.000613223836720853,0.000613223836720853,2.0440794557361764e-06,9.558812137070833,0.09558812137070832,0.02162031598018057,79.68626766258453
CCCCCC=C(C)[N+](=O)[O-],-9.576013246984287,665.699900329786,0.999999918402007,8,305.56,500.0,False,0.0006381012557001284,0.0006381012557001284,2.1270041856670943e-06,9.576013246984287,0.09576013246984287,0.022189996677659536,80.35386392761285
CCCCCC=C(CC)[N+](=O)[O-],-9.699702511050315,720.3595311546851,0.9999999915510344,7,333.33,500.0,False,0.0006765500875365029,0.0006765500875365029,2.25516695845501e-06,9.699702511050315,0.09699702511050315,0.024011984371822837,83.13347039159049
CCCCCCC(C)C,-11.239388858080671,1152.965552017698,0.997548027827896,10,283.15,373.15,True,0.000613598132545736,0.000613598132545736,2.0453271084857867e-06,11.239388858080671,0.11239388858080672,0.038432185067256604,112.57620890822646
CCCCCCC(C)C(=O)O,-12.57754776503304,2224.0016427618393,0.9999999407699015,6,361.11,500.0,False,0.0057175839120204046,0.0057175839120204046,1.9058613040068016e-05,12.57754776503304,0.1257754776503304,0.07413338809206131,171.7043467641175
CCCCCCC=C(C)[N+](=O)[O-],-9.638002664554872,708.5096400352903,0.999999991239435,7,333.33,500.0,False,0.000691737600395539,0.000691737600395539,2.3057920013184633e-06,9.638002664554872,0.09638002664554872,0.023616988001176342,82.20916022518563
CCCCCCCC(=O)O,-12.015574149278017,1993.8530418556386,0.9948401391551398,30,293.3,500.0,False,0.004656937000014803,0.004656937000014803,1.5523123333382678e-05,12.015574149278017,0.12015574149278017,0.06646176806185462,154.23466889043408
CCCCCCCC/C=C\CCCCCCCC(=O)OC,-11.504753312561023,1878.0234154740601,0.9905590899527558,24,277.78,500.0,False,0.00527553458840847,0.00527553458840847,1.75851152946949e-05,11.504753312561023,0.11504753312561024,0.06260078051580201,143.08514044961007
CCCCCCCCC(=O)O,-12.07375131064808,2094.5679034395007,0.9960711622223004,18,292.3,500.0,False,0.006146587069930722,0.006146587069930722,2.048862356643574e-05,12.07375131064808,0.1207375131064808,0.06981893011465003,159.29136792977218
CCCCCCCCC1CC2CC(C)CCC2CC1C,-12.49285610276868,2388.6526942471482,0.9989814473734269,7,333.33,500.0,True,0.010773342800071974,0.010773342800071974,3.591114266690658e-05,12.49285610276868,0.1249285610276868,0.07962175647490495,178.08359599364266
CCCCCCCCC1CCCC2C(C)CCC(C)C12,-12.345103209238276,2328.0185251311163,0.9990434360990681,7,333.33,500.0,True,0.010203326761283797,0.010203326761283797,3.401108920427932e-05,12.345103209238276,0.12345103209238277,0.07760061750437054,173.26128734770245
CCCCCCCCC=CCCCCCCCC(=O)OCCC,-9.925039575235939,935.971468201958,0.9999999692857148,10,250.0,500.0,False,0.0011080709247157181,0.0011080709247157181,3.6935697490523936e-06,9.925039575235939,0.09925039575235939,0.03119904894006527,91.98503176859589
CCCCCCCCCC(=O)O,-12.33265494664977,2237.5913112900535,0.9922478544183352,18,305.56,500.0,False,0.007642601354358352,0.007642601354358352,2.5475337847861174e-05,12.33265494664977,0.1233265494664977,0.07458637704300178,169.00630514707115
CCCCCCCCCCBr,-10.041025029615543,883.9206197954574,0.9999998129788188,10,250.0,500.0,False,0.000829553491785895,0.000829553491785895,2.7651783059529834e-06,10.041025029615543,0.10041025029615544,0.029464020659848583,91.43370118546581
CCCCCCCCCCC(CO)CCCC,-15.980214881901503,3729.246741217433,0.99518928751591,9,277.78,500.0,False,0.028742097727373857,0.028742097727373857,9.580699242457952e-05,15.980214881901503,0.15980214881901503,0.12430822470724777,313.9404213221443
CCCCCCCCCCCC(=O)O,-12.270789814573565,2348.1927626800225,0.9992539414408532,17,322.1,500.0,False,0.01175495287841308,0.01175495287841308,3.918317626137693e-05,12.270789814573565,0.12270789814573566,0.07827309208933408,173.16476205906048
CCCCCCCCCCCC(=O)OCC(COC(=O)CCCCCCCCCCC)OC(=O)CCCCCCCCCCC,-12.763467135189277,2816.9821649962,0.9998302253977864,7,333.33,500.0,False,0.034268572954729064,0.034268572954729064,0.00011422857651576355,12.763467135189277,0.12763467135189277,0.09389940549987333,202.72977328630657
CCCCCCCCCCCCC,-11.512561764169016,1534.0502874765568,0.9992793317547738,13,277.78,500.0,True,0.001663118530986026,0.001663118530986026,5.543728436620087e-06,11.512561764169016,0.11512561764169016,0.0511350095825519,129.6309194813551
CCCCCCCCCCCCCC,-11.64161366720275,1628.801627144204,0.9979987421622324,31,283.13,500.0,True,0.002004671824737783,0.002004671824737783,6.682239415792609e-06,11.64161366720275,0.11641613667202749,0.054293387571473464,134.79617731140675
CCCCCCCCCCCCCC(=O)O,-12.502260291447515,2529.2156765515474,0.9994420938231598,9,332.1,472.2,False,0.017051086215821833,0.017051086215821833,5.683695405273944e-05,12.502260291447515,0.12502260291447514,0.08430718921838491,184.80910437974964
CCCCCCCCCCCCCCC,-11.5632221547125,1658.7283931064278,0.9996648956380101,8,305.56,500.0,True,0.0023955857379565786,0.0023955857379565786,7.985285793188596e-06,11.5632221547125,0.115632221547125,0.05529094643688093,135.04712498893022
CCCCCCCCCCCCCCC(C)O,-15.465671289515042,3495.417849626643,0.9996645878620933,7,333.33,500.0,False,0.02205362134090981,0.02205362134090981,7.351207113636603e-05,15.465671289515042,0.15465671289515043,0.1165139283208881,288.007004411888
CCCCCCCCCCCCCCCC,-11.640442999908846,1732.6762124876313,0.9988333179800092,26,293.15,500.0,True,0.0028374326703984646,0.0028374326703984646,9.458108901328215e-06,11.640442999908846,0.11640442999908845,0.05775587374958771,138.88247742313519
CCCCCCCCCCCCCCCC(=O)O,-12.38603465506977,2571.0945432493145,0.9999967106154041,6,361.11,500.0,False,0.022021863780815453,0.022021863780815453,7.340621260271818e-05,12.38603465506977,0.12386034655069769,0.08570315144164381,185.142106685969
CCCCCCCCCCCCCCCC(=O)OC,-12.06863106990803,2028.751691964658,0.9993473529945535,12,308.15,363.15,False,0.004961111701334596,0.004961111701334596,1.6537039004448655e-05,12.06863106990803,0.1206863106990803,0.06762505639882194,156.39699922249068
CCCCCCCCCCCCCCCC(=O)OCC,-11.691384138744194,1922.8914791787586,0.9986200941762652,21,303.15,500.0,False,0.005083547802581794,0.005083547802581794,1.6945159341939313e-05,11.691384138744194,0.11691384138744194,0.06409638263929195,147.2058291777768
CCCCCCCCCCCCCCCC(=O)OCC(COC(=O)CCCCCCCCCCCCCCC)OC(=O)CCCCCCCCCCCCCCC,-9.348796165384716,579.920651105854,0.9999999962771936,6,361.11,500.0,False,0.000601714589821075,0.000601714589821075,2.005715299403583e-06,9.348796165384716,0.09348796165384717,0.01933068837019513,75.7853126742655
CCCCCCCCCCCCCCCCC,-11.639370719348898,1777.6508124949753,0.9986457582157507,16,303.15,500.0,True,0.0032998838403198367,0.0032998838403198367,1.0999612801066123e-05,11.639370719348898,0.11639370719348899,0.059255027083165844,140.66690905341548
CCCCCCCCCCCCCCCCCC,-11.855417933699387,1904.2405174172766,0.9925891159283748,128,299.75,500.0,True,0.004054412266723288,0.004054412266723288,1.3514707555744292e-05,11.855417933699387,0.11855417933699387,0.06347468391390923,148.46810873798086
CCCCCCCCCCCCCCCCCC(=O)OC,-12.227360130003632,2164.9430160528004,0.9994411711598019,11,313.15,363.15,False,0.006665012766978587,0.006665012766978587,2.2216709223261955e-05,12.227360130003632,0.12227360130003632,0.07216476720176002,164.373275936017
CCCCCCCCCCCCCCCCCC(=O)OCC,-11.715583123411454,2000.678093638097,0.9992344814280186,18,313.15,500.0,False,0.006430801202930589,0.006430801202930589,2.1436004009768628e-05,11.715583123411454,0.11715583123411455,0.06668926978793657,150.73477097474535
CCCCCCCCCCCCCCCCCCC,-11.571820137023886,1839.2550618185696,0.9999172916552825,7,333.33,500.0,True,0.004335276312115106,0.004335276312115106,1.4450921040383688e-05,11.571820137023886,0.11571820137023886,0.061308502060619,142.3307923064417
CCCCCCCCCCCCCCCCCCCC,-11.613029986528002,1895.1520797928627,0.9998515459987001,7,333.33,500.0,True,0.005012320050124285,0.005012320050124285,1.670773350041428e-05,11.613029986528002,0.11613029986528002,0.06317173599309542,145.10344974449785
CCCCCCCCCCCCCCCCCCCCCCCCCCCC,-11.198172695471243,1943.3074322998655,0.9989723426704583,5,398.15,498.15,True,0.008910889111135419,0.008910889111135419,2.970296370378473e-05,11.198172695471243,0.11198172695471242,0.06477691440999553,142.0062114102093
CCCCCCCCCCCCCCCCCCCc1ccccc1,-10.396696260515865,1162.7102255779714,0.9999999293310574,7,333.33,500.0,True,0.0014722027820931296,0.0014722027820931296,4.9073426069770984e-06,10.396696260515865,0.10396696260515866,0.03875700751926572,104.13673452813855
CCCCCCCCCCCCCCCCOC(C)=O,-12.200012253488765,2142.941656310792,0.9966882459070874,9,277.78,500.0,False,0.006365430593150495,0.006365430593150495,2.1218101977168317e-05,12.200012253488765,0.12200012253488765,0.07143138854369308,163.0456894886775
CCCCCCCCCCCCO,-15.725775024011298,3470.5307091487166,0.9997073242553204,5,298.15,338.15,False,0.015649139823691528,0.015649139823691528,5.216379941230509e-05,15.725775024011298,0.157257750240113,0.11568435697162388,291.4589755397153
CCCCCCCCCCCCc1ccccc1,-12.166533760551646,2028.8461500823735,0.9979726032047551,9,293.15,373.15,True,0.004499840801495661,0.004499840801495661,1.499946933831887e-05,12.166533760551646,0.12166533760551647,0.06762820500274579,157.659230284678
CCCCCCCCCCCO,-14.114746321680327,2908.579440604422,0.9957589371616218,16,293.15,500.0,False,0.012040473415315094,0.012040473415315094,4.013491138438365e-05,14.114746321680327,0.14114746321680327,0.0969526480201474,228.8726988079751
CCCCCCCCCCO,-14.26920260354561,2901.204019459648,0.9913364887473411,33,283.15,500.0,False,0.010066697919580864,0.010066697919580864,3.3555659731936216e-05,14.26920260354561,0.1426920260354561,0.09670680064865493,231.0152078238057
CCCCCCCCCCS,-11.550022741430576,1514.4492841211513,0.9999997265371491,10,250.0,500.0,False,0.001500647704571013,0.001500647704571013,5.00215901523671e-06,11.550022741430576,0.11550022741430577,0.05048164280403838,129.3110862846115
CCCCCCCCP(CCCCCCCC)CCCCCCCC,-13.7051782544485,3141.802947022964,0.9773772432770421,8,305.56,500.0,False,0.03945865893584891,0.03945865893584891,0.00013152886311949637,13.7051782544485,0.137051782544485,0.10472676490076548,234.97735188102033
CCCCCCCCc1ccccc1,-11.655577822612722,1661.3513213175756,0.9987919696585046,9,293.15,373.15,True,0.0022034299051241664,0.0022034299051241664,7.344766350413888e-06,11.655577822612722,0.11655577822612723,0.05537837737725253,136.23828173098542
CCCCCCCI,-17.749684852280684,1207.7672231032589,0.998839539206928,21,296.35,423.15,False,1.096053991205299e-06,1.096053991205299e-06,3.6535133040176633e-09,17.749684852280684,0.17749684852280684,0.04025890743677529,197.06440459611528
CCCCCCCNCCCCCCC,-11.679618291579402,1735.1094190005292,0.9984463580363957,8,305.56,500.0,False,0.002750643957798114,0.002750643957798114,9.16881319266038e-06,11.679618291579402,0.11679618291579402,0.05783698063335097,139.44793521842973
CCCCCCI,-17.639060507353463,1104.265546860614,0.9992616021651617,17,297.25,423.15,False,8.670446594657035e-07,8.670446594657035e-07,2.8901488648856785e-09,17.639060507353463,0.17639060507353463,0.03680885156202047,190.37333850086645
CCCCCCN(CCCCCC)CCCCCC,-11.654272896439767,1776.3093332340097,0.9988690902925568,7,333.33,500.0,False,0.003236567948826627,0.003236567948826627,1.078855982942209e-05,11.654272896439767,0.11654272896439767,0.059210311107800326,140.79245655594858
CCCCNc1ccccc1,-9.564875985810454,685.0659244911722,0.9999997920426498,9,277.78,500.0,False,0.0006882744400319898,0.0006882744400319898,2.294248133439966e-06,9.564875985810454,0.09564875985810455,0.022835530816372403,80.83619822872011
CCCCOB(OCCCC)OCCCC,-11.446260249639456,1503.9785400311212,0.999845170591722,10,250.0,500.0,False,0.0016076232233218407,0.0016076232233218407,5.358744077739469e-06,11.446260249639456,0.11446260249639456,0.050132618001037375,127.72671428481313
CCCCOCC,-11.26311856905597,1023.7681302075927,0.9894057932142393,7,283.15,313.15,False,0.000389534494721447,0.000389534494721447,1.2984483157381566e-06,11.26311856905597,0.11263118569055972,0.03412560434025309,108.29474838061289
CCCCOCCO,-13.272881556116571,2210.2294052253674,0.9979719607300865,14,283.15,353.15,False,0.002724554895347726,0.002724554895347726,9.081849651159088e-06,13.272881556116571,0.13272881556116572,0.07367431350751225,180.67174839520956
CCCCOP(=O)(OCCCC)OCCCC,-11.931565415579847,1875.4691575575512,0.9902456708914801,19,250.0,500.0,False,0.0034135531283024313,0.0034135531283024313,1.137851042767477e-05,11.931565415579847,0.11931565415579848,0.0625156385852517,148.22278007757455
CCCOP(=O)(OCCC)OCCC,-10.098255154776961,863.1850126097992,0.9999999267530439,10,250.0,500.0,False,0.0007310916137857269,0.0007310916137857269,2.436972045952423e-06,10.098255154776961,0.10098255154776961,0.028772833753659976,91.31994139546813
CCCS(=O)(=O)CCC,-12.092100247610423,2043.3863359508946,0.994548738178564,8,305.56,500.0,False,0.005088295071021792,0.005088295071021792,1.696098357007264e-05,12.092100247610423,0.12092100247610424,0.06811287786502983,157.32492544810458
CCC[CH2][Ge]([CH2]CCC)([CH2]CCC)[CH2]CCC,-12.389983201195383,1989.6200867494508,0.9890782058015313,10,250.0,500.0,False,0.0031576845877167204,0.0031576845877167204,1.0525615292389067e-05,12.389983201195383,0.12389983201195383,0.06632066955831503,158.85619965897354
CCCc1ccc(N)cc1,-11.443694778774166,1555.0318318289844,0.9999912811895186,5,388.89,500.0,False,0.0019107578426838586,0.0019107578426838586,6.369192808946195e-06,11.443694778774166,0.11443694778774166,0.05183439439429948,129.64322223896855
CCN,-10.490904333128192,-376.4661855444574,0.9971468310595759,8,305.56,500.0,False,7.922596077571552e-06,7.922596077571552e-06,2.640865359190517e-08,10.490904333128192,0.10490904333128193,0.012548872851481914,79.91054711674612
CCN(CC)CCO,-15.29864991800641,2915.0507247589853,0.9986658858376205,5,293.15,333.15,False,0.0037657276524924012,0.0037657276524924012,1.2552425508308004e-05,15.29864991800641,0.1529864991800641,0.09716835749196617,249.30465184611035
CCN(CC)c1cccc(C)c1,-11.387116546739414,1537.152953111116,0.9999968020541303,5,388.89,500.0,False,0.001904999810835629,0.001904999810835629,6.349999369452097e-06,11.387116546739414,0.11387116546739413,0.05123843177037053,128.3131547147527
CCOC(=O)CC(C)=O,-11.694571312928552,1560.3864728357769,0.9942710053033639,9,288.15,358.15,False,0.0015135716800885135,0.0015135716800885135,5.045238933628378e-06,11.694571312928552,0.11694571312928552,0.05201288242785923,132.74959213312997
CCOC(=O)CC(C)C,-11.387142723107738,1247.5727147640803,0.9986107180704926,14,288.15,358.15,False,0.0007255598405560565,0.0007255598405560565,2.4185328018535217e-06,11.387142723107738,0.11387142723107738,0.04158575715880268,117.55596068424543
CCOC(=O)CCC(=O)OCC,-12.508527720624253,1941.8522750253478,0.994791615174361,8,288.15,323.15,False,0.0023918532290404656,0.0023918532290404656,7.972844096801552e-06,12.508527720624253,0.12508527720624252,0.0647284091675116,158.33020162165252
CCOC(=O)CCl,-11.821294136862486,1491.450369374266,0.9773976712448335,5,298.15,318.15,False,0.00105967512295342,0.00105967512295342,3.5322504098447333e-06,11.821294136862486,0.11821294136862485,0.04971501231247554,131.55326984873247
CCOC(=O)c1ccccc1O,-12.370546261530412,1939.8370663912128,0.9973125745068403,8,288.15,358.15,False,0.0027273558100617957,0.0027273558100617957,9.091186033539319e-06,12.370546261530412,0.12370546261530413,0.06466123554637376,156.46794262905323
CCOC(C)C,-10.537835358428271,-406.7051581653884,0.9990326235555632,5,388.89,500.0,False,6.834554842805079e-06,6.834554842805079e-06,2.278184947601693e-08,10.537835358428271,0.10537835358428271,0.013556838605512949,81.24435473083065
CCOCCO,-12.43216239480201,1823.1831073249757,0.9973105485013336,18,288.15,373.15,False,0.001738234440298109,0.001738234440298109,5.794114800993696e-06,12.43216239480201,0.1243216239480201,0.06077277024416586,152.3058789869908
CCOS(=O)(=O)[O-].CCn1cc[n+](C)c1,-16.77554105401954,4367.798970197891,0.9758727313399937,36,253.15,373.15,False,0.10902139262885914,0.10902139262885914,0.0003634046420961971,16.77554105401954,0.1677554105401954,0.1455932990065964,379.10210317359383
CCOc1ccc(N)cc1,-13.6489069771721,2707.2367966538272,0.9781561398433236,9,277.78,500.0,False,0.009805769699907754,0.009805769699907754,3.2685898999692516e-05,13.6489069771721,0.136489069771721,0.09024122655512758,210.69808958096314
CCOc1ccccc1N,-12.66238012375426,2206.8279238397527,0.9776989580796521,9,277.78,500.0,False,0.004960309979711966,0.004960309979711966,1.6534366599039887e-05,12.66238012375426,0.1266238012375426,0.07356093079465842,172.0793756995946
CCc1ccc2ccccc2c1,-11.012544442956798,1496.7608363238253,0.9741717846937512,9,277.78,500.0,True,0.0024215640275107022,0.0024215640275107022,8.071880091702342e-06,11.012544442956798,0.11012544442956798,0.049892027877460846,122.57353636574608
CCc1cccc(CC)c1N,-12.000985372620786,1910.7638363583665,0.9869888353530558,9,277.78,500.0,False,0.003582219907822143,0.003582219907822143,1.1940733026073811e-05,12.000985372620786,0.12000985372620786,0.06369212787861221,150.55541008595662
CCc1cccc2ccccc12,-11.31232626410301,1685.4355715827553,0.9603080411540432,8,277.78,472.22,True,0.003365402557911725,0.003365402557911725,1.1218008526372416e-05,11.31232626410301,0.1131232626410301,0.056181185719425174,133.15242583019744
CCl,-10.25364538573765,-351.18514644493564,0.9941205594906855,10,250.0,500.0,False,1.0927122676167843e-05,1.0927122676167843e-05,3.642374225389281e-08,10.25364538573765,0.1025364538573765,0.011706171548164522,77.04134856714863
CF,-10.382573413199298,-307.19810947874805,0.9972066122249776,7,250.0,416.67,False,1.1122203731738085e-05,1.1122203731738085e-05,3.707401243912695e-08,10.382573413199298,0.10382573413199297,0.010239936982624936,76.88477671101835
CN(C)CCO,-14.175176567460598,2541.2334053716136,0.9942766232913287,6,298.15,353.15,False,0.0033312803827871855,0.0033312803827871855,1.1104267942623952e-05,14.175176567460598,0.14175176567460598,0.0847077801790538,210.27776587839418
CN(C)P(=O)(N(C)C)N(C)C,-10.886059772573857,1530.2513857469944,0.9993749326835727,8,305.56,500.0,False,0.0030726287295091766,0.0030726287295091766,1.024209576503059e-05,10.886059772573857,0.10886059772573857,0.05100837952489982,122.40834235040347
CN(CCO)CCO,-18.136915602969644,4641.241390742329,0.9967058338088289,20,283.15,363.15,False,0.06952207387253662,0.06952207387253662,0.00023174024624178873,18.136915602969644,0.18136915602969644,0.1547080463580776,436.7627539584868
CN(c1ccccc1)c1ccccc1,-12.23723442803767,2142.431151244895,0.9830405145066204,9,277.78,500.0,False,0.006122423542186776,0.006122423542186776,2.040807847395592e-05,12.23723442803767,0.1223723442803767,0.07141437170816316,163.51328019430414
CN1CCCC1=O,-10.33677652743918,1168.4889503104196,0.9872585141400424,22,283.15,423.15,False,0.0015935144441376252,0.0015935144441376252,5.311714813792084e-06,10.33677652743918,0.10336776527439182,0.03894963167701399,103.7221734450081
CN1CCCN(C)C1=O,-11.357698412322856,1646.9231621760828,0.9957482005733245,9,277.78,500.0,False,0.002828653322371305,0.002828653322371305,9.42884440790435e-06,11.357698412322856,0.11357698412322856,0.054897438739202754,132.18681862081542
COC(=O)CCCCC(=O)OC,-11.855625579564496,1800.0181350897135,0.9960890014435867,22,283.15,373.15,False,0.0028639166605833417,0.0028639166605833417,9.54638886861114e-06,11.855625579564496,0.11855625579564497,0.060000604502990454,144.19192341506294
COC(=O)c1ccccc1C(=O)OC,-13.022689465110872,2600.522986179256,0.9700191001577585,17,277.78,500.0,False,0.012851695752402706,0.012851695752402706,4.2838985841342356e-05,13.022689465110872,0.13022689465110873,0.08668409953930854,195.8123075070926
COC(F)(F)C(F)(F)C(F)(F)F,-18.40609386278829,1018.4315621285342,0.9987173455688231,11,273.15,373.15,False,3.024584304173342e-07,3.024584304173342e-07,1.0081947680577807e-09,18.40609386278829,0.1840609386278829,0.03394771873761781,197.4402822238355
COCCO,-12.169842254126763,1695.1127222838238,0.9987364509439612,13,293.15,353.15,False,0.0014744554951425768,0.0014744554951425768,4.9148516504752565e-06,12.169842254126763,0.12169842254126763,0.05650375740946079,143.75925679256204
COCCOCCOC,-11.376534474541698,1329.235739677832,0.9900279420246708,21,273.15,373.15,False,0.0009627192980586161,0.0009627192980586161,3.2090643268620537e-06,11.376534474541698,0.11376534474541698,0.04430785798926107,120.42030470839684
COCOC,-11.584269210558661,1047.3697100005356,0.9969244363748533,44,218.09,383.15,False,0.00030566010422224517,0.00030566010422224517,1.0188670140741506e-06,11.584269210558661,0.11584269210558662,0.03491232366668452,112.50069625419795
COc1ccc(O)cc1,-13.276686404045154,2714.1569976550195,0.993843255643657,7,333.33,500.0,False,0.01455972080523968,0.01455972080523968,4.853240268413227e-05,13.276686404045154,0.13276686404045154,0.09047189992183398,205.32109880873617
COc1cccc(O)c1,-14.386142135673333,3170.0557246350677,0.9877816281628483,9,277.78,500.0,False,0.0219433813003572,0.0219433813003572,7.3144604334524e-05,14.386142135673333,0.14386142135673333,0.10566852415450226,248.2149332985989
COc1cccc(OC)c1,-11.733305061173722,1673.2276872486082,0.9987823054490472,10,250.0,500.0,False,0.0021209749010572348,0.0021209749010572348,7.06991633685745e-06,11.733305061173722,0.11733305061173722,0.055774256241620274,137.62807000325523
COc1ccccc1C=O,-11.344498292826952,1623.4153249177061,0.9993998178645213,7,333.33,500.0,False,0.0026502166796139493,0.0026502166796139493,8.834055598713164e-06,11.344498292826952,0.11344498292826952,0.05411384416392354,131.1263016399812
C[SiH3],-10.485290900714674,-332.63861474911766,0.994292809503772,10,250.0,500.0,False,9.220453978013051e-06,9.220453978013051e-06,3.0734846593376835e-08,10.485290900714674,0.10485290900714674,0.01108795382497059,78.55104025465316
C[Si]1(C)O[Si](C)(C)O[Si](C)(C)O[Si](C)(C)O1,-11.822277023572882,1706.0636682829602,0.9998912685979705,13,293.15,423.15,False,0.002164863150846126,0.002164863150846126,7.21621050282042e-06,11.822277023572882,0.11822277023572882,0.05686878894276534,139.99737406362286
C[Si]1(C)O[Si](C)(C)O[Si](C)(C)O[Si](C)(C)O[Si](C)(C)O1,-11.793227757872033,1858.9550877674333,0.9994323500120169,15,293.15,493.15,False,0.003710046760079319,0.003710046760079319,1.2366822533597731e-05,11.793227757872033,0.11793227757872034,0.06196516959224778,145.83422381630825
Cc1c(N)cccc1N,-11.386743324487195,1582.8790309219883,0.998665543576106,5,388.89,500.0,False,0.002219485452578218,0.002219485452578218,7.398284841927394e-06,11.386743324487195,0.11386743324487196,0.05276263436406628,130.05548616698707
Cc1c([N+](=O)[O-])cc([N+](=O)[O-])cc1[N+](=O)[O-],-14.26018214057938,3465.7912347969877,0.9999949490292296,6,361.11,500.0,False,0.06670037584251716,0.06670037584251716,0.00022233458614172386,14.26018214057938,0.1426018214057938,0.11552637449323293,263.51158438784574
Cc1cc(C)c(C)c(C)c1C,-13.672614394318078,2321.731867563408,0.9999996731174883,7,333.33,500.0,True,0.0026491719245808083,0.0026491719245808083,8.830573081936027e-06,13.672614394318078,0.13672614394318078,0.07739106225211359,191.70885033877147
Cc1ccc([N+](=O)[O-])cc1,-9.87065675906544,1016.3013507501515,0.9748317559240379,7,333.33,500.0,False,0.001529238178856529,0.001529238178856529,5.09746059618843e-06,9.87065675906544,0.09870656759065441,0.03387671169167172,94.04431918883604
Cc1ccc2ccccc2c1,-10.590387168460554,1265.4611185627741,0.9892439704939664,7,333.33,500.0,True,0.0017084249070801053,0.0017084249070801053,5.694749690267017e-06,10.590387168460554,0.10590387168460554,0.04218203728542581,109.68360061878153
Cc1cccc([N+](=O)[O-])c1,-10.196454290666106,1159.112921070402,0.9789729796673254,9,303.15,500.0,False,0.0017771495871274493,0.0017771495871274493,5.923831957091498e-06,10.196454290666106,0.10196454290666106,0.038637097369013405,101.98196017856284
Cc1cccc2ccccc12,-11.200677242506368,1587.127953003572,0.9656165312148265,16,277.78,473.15,True,0.002711506939249033,0.002711506939249033,9.038356464163443e-06,11.200677242506368,0.11200677242506368,0.052904265100119065,128.08659822394642
Cc1ccccc1OP(=O)(Oc1ccccc1C)Oc1ccccc1C,-14.45727663348493,2619.9315947933396,0.9999999988356367,10,250.0,500.0,False,0.003266058680509859,0.003266058680509859,1.0886862268366198e-05,14.45727663348493,0.1445727663348493,0.08733105315977799,218.83995979475856
Cc1cccnc1,-10.832666687657431,1133.6605402950654,0.9998147776279461,6,293.15,343.15,False,0.0008641205961637533,0.0008641205961637533,2.880401987212511e-06,10.832666687657431,0.10832666687657432,0.037788684676502184,107.6277771732038
Cc1ccncc1,-11.871460734642513,1449.900526875284,0.9709982471404475,9,298.15,338.15,False,0.0008774777330467045,0.0008774777330467045,2.9249257768223483e-06,11.871460734642513,0.11871460734642514,0.048330017562509466,130.53283662484398
Cl,-9.998986794769477,-329.2541365628624,0.994893122752608,10,250.0,500.0,False,1.5165300778182776e-05,1.5165300778182776e-05,5.055100259394259e-08,9.998986794769477,0.09998986794769478,0.010975137885428747,74.16362225695524
ClCl,-10.148054177012227,-314.28003951371375,0.9974583087936355,7,250.0,416.67,False,1.3733749206281485e-05,1.3733749206281485e-05,4.5779164020938286e-08,10.148054177012227,0.10148054177012228,0.010476001317123791,75.02921475094607
Clc1ccc(I)cc1,-9.159428311479317,521.7928649461549,0.9999973318760499,7,333.33,500.0,False,0.0005990779937930397,0.0005990779937930397,1.9969266459767987e-06,9.159428311479317,0.09159428311479317,0.017393095498205162,72.44995510613738
FC(C(F)(F)F)C(F)(F)F,-19.48440690883216,1150.5100913221158,0.9688408818618512,17,253.15,372.15,False,1.597951313712574e-07,1.597951313712574e-07,5.326504379041913e-10,19.48440690883216,0.1948440690883216,0.03835033637740386,220.904064288709
FC(F)(Cl)Cl,-10.17517226208938,-346.5547685690316,0.9952139019256383,10,250.0,500.0,False,1.2002989382569974e-05,1.2002989382569974e-05,4.000996460856658e-08,10.17517226208938,0.1017517226208938,0.01155182561896772,76.21201966130133
FC(F)(F)Cl,-10.186862764326992,-285.39537466678433,0.9981095430770617,6,250.0,388.89,False,1.4546201264924729e-05,1.4546201264924729e-05,4.848733754974909e-08,10.186862764326992,0.10186862764326993,0.009513179155559477,74.52695855249014
FC(F)(F)F,-9.992900254017679,-288.4142913201449,0.9947787085056401,10,250.0,500.0,False,1.7483006165624633e-05,1.7483006165624633e-05,5.8276687218748776e-08,9.992900254017679,0.09992900254017678,0.009613809710671498,72.92954327595871
FC(F)=C(F)Cl,-10.212725509139798,-328.92612017445157,0.9932530261703498,10,250.0,500.0,False,1.2260278522593626e-05,1.2260278522593626e-05,4.086759507531209e-08,10.212725509139798,0.10212725509139797,0.010964204005815053,76.02525542459912
FC(F)CC(F)(F)F,-10.427135176178476,-308.24795489281496,0.9975676076709785,7,300.93,395.6,False,1.0600298899746422e-05,1.0600298899746422e-05,3.5334329665821405e-08,10.427135176178476,0.10427135176178476,0.0102749318297605,77.31035300273818
FC(F)Cl,-10.126285888027112,-340.9908873742029,0.995082362398588,10,250.0,500.0,False,1.2840296356115577e-05,1.2840296356115577e-05,4.280098785371859e-08,10.126285888027112,0.10126285888027113,0.01136636291247343,75.6188979914638
FC(F)F,-10.060672611046808,-311.2381424721092,0.9957088386006275,9,250.0,472.22,False,1.5140563581866472e-05,1.5140563581866472e-05,5.046854527288824e-08,10.060672611046808,0.10060672611046809,0.010374604749070307,74.1778389658369
FCC(F)(F)F,-19.32672542331298,1112.8362894968552,0.9852599695414482,8,302.99,368.26,False,1.650081244792059e-07,1.650081244792059e-07,5.50027081597353e-10,19.32672542331298,0.1932672542331298,0.03709454298322851,216.3911207308016
FN(F)F,-9.827528170078208,-299.1310492318978,0.994091230779099,10,250.0,500.0,False,1.9903167510509382e-05,1.9903167510509382e-05,6.634389170169794e-08,9.827528170078208,0.09827528170078209,0.009971034974396593,71.81215696612315
FS(F)(F)(F)(F)F,-10.064458063906438,-305.4505160518589,0.9917068212904352,17,250.0,500.0,False,1.537717254143742e-05,1.537717254143742e-05,5.12572418047914e-08,10.064458063906438,0.10064458063906438,0.010181683868395297,74.04284569437803
F[Si](F)(F)F,-10.068239256449923,-282.24611496139596,0.9913985966078981,10,250.0,500.0,False,1.6551072747619165e-05,1.6551072747619165e-05,5.517024249206389e-08,10.068239256449923,0.10068239256449923,0.009408203832046531,73.40383281082647
Fc1c(F)c(F)c(C(F)(F)F)c(F)c1F,-18.37950384720802,1202.5395576887126,0.9998488028540952,5,298.15,318.15,False,5.73769175423725e-07,5.73769175423725e-07,1.912563918079083e-09,18.37950384720802,0.1837950384720802,0.040084651922957085,206.30111007136009
Fc1c(F)c(F)c(F)c(F)c1F,-19.5018313656439,1533.3418680817085,0.9980855276309915,5,298.15,318.15,False,5.626028892504745e-07,5.626028892504745e-07,1.8753429641682485e-09,19.5018313656439,0.19501831365643899,0.05111139560272362,242.34490816937364
I,-9.749495249218496,-331.2568440705837,0.9916880190295331,10,250.0,500.0,False,1.9333238728453797e-05,1.9333238728453797e-05,6.4444129094846e-08,9.749495249218496,0.09749495249218497,0.011041894802352792,72.06192179491187
N,-10.224759420453124,-376.4839340418439,0.9887517742337796,10,250.0,500.0,False,1.033777529496241e-05,1.033777529496241e-05,3.445925098320803e-08,10.224759420453124,0.10224759420453124,0.012549464468061463,77.53281753571868
N#CCc1ccccc1,-11.104164792872169,1458.0822024189827,0.9938627675275177,13,250.0,500.0,False,0.0019422837941326886,0.0019422837941326886,6.474279313775629e-06,11.104164792872169,0.11104164792872169,0.048602740080632756,122.15872992297912
N#Cc1ccccn1,-10.900996791862054,1377.8590252010508,0.9986891253002268,8,305.56,500.0,False,0.0018214299956183292,0.0018214299956183292,6.071433318727764e-06,10.900996791862054,0.10900996791862054,0.04592863417336836,116.99258803753042
N#Cc1ccncc1,-9.492464089635316,662.613025558153,0.9999994310864759,6,361.11,500.0,False,0.0006866032081454522,0.0006866032081454522,2.2886773604848406e-06,9.492464089635316,0.09492464089635316,0.022087100851938435,79.50963703950691
N#N,-10.058702679942794,-261.2724715405824,0.9941959340518518,37,250.0,500.0,False,1.7919681600377755e-05,1.7919681600377755e-05,5.973227200125918e-08,10.058702679942794,0.10058702679942794,0.00870908238468608,72.71636353995004
N#[N+][O-],-10.040197588853625,-318.64004669705395,0.9949801389209723,10,250.0,500.0,False,1.5077136844353277e-05,1.5077136844353277e-05,5.025712281451092e-08,10.040197588853625,0.10040197588853625,0.010621334889901798,74.21440266082455
NCCO,-15.225445924659015,3331.493346817015,0.9909373930518726,17,293.15,393.15,False,0.016236912132762862,0.016236912132762862,5.412304044254287e-05,15.225445924659015,0.15225445924659015,0.11104977822723384,273.0421341146539
Nc1ccc(Cl)cc1,-9.445843906079649,693.0199020703105,0.999998752343407,6,361.11,500.0,False,0.0007961065169207477,0.0007961065169207477,2.653688389735826e-06,9.445843906079649,0.09445843906079648,0.023100663402343687,80.00159254148946
Nc1ccccc1N,-9.789202978254714,967.5247278151452,0.999999924123083,5,388.89,500.0,False,0.001410063482995908,0.001410063482995908,4.70021160998636e-06,9.789202978254714,0.09789202978254714,0.032250824260504844,91.69095315277036
O=C(CO)c1ccccc1,-11.44155912747807,1632.4807975356937,0.9992340016712451,6,333.33,472.22,False,0.002478860081512096,0.002478860081512096,8.262866938373654e-06,11.44155912747807,0.11441559127478071,0.054416026584523124,132.60186899503958
O=C(Cl)Cl,-10.357280062954127,-371.4699130198755,0.9964602589924132,8,305.56,500.0,False,9.207307402047419e-06,9.207307402047419e-06,3.0691024673491395e-08,10.357280062954127,0.10357280062954127,0.01238233043399585,78.56377874684983
O=C(O)C(=O)O,-8.881506283002357,771.6236642258866,0.9885284054303762,5,388.89,500.0,False,0.0018190745390480778,0.0018190745390480778,6.063581796826926e-06,8.881506283002357,0.08881506283002358,0.02572078880752955,77.30110477670846
O=C(O)C(Cl)(Cl)Cl,-24.950188903087106,6788.667133523193,0.9604541409882698,6,361.11,500.0,False,0.09814606428843589,0.09814606428843589,0.0003271535476281196,24.950188903087106,0.24950188903087106,0.22628890445077313,979.3606492600908
O=C(O)c1ccccc1,-12.86457560566276,2533.038803943671,0.9878870208899653,10,400.3,500.0,False,0.012020846526582684,0.012020846526582684,4.006948842194228e-05,12.86457560566276,0.1286457560566276,0.08443462679812237,190.20051069782076
O=C(OCc1ccccc1)c1ccccc1,-11.701854544280119,2006.1858644305794,0.9947026725191813,8,305.56,500.0,False,0.006640497925590784,0.006640497925590784,2.2134993085302613e-05,11.701854544280119,0.11701854544280119,0.06687286214768598,150.79283103004823
O=C(c1ccccc1)c1ccccc1,-11.178632313812436,1858.1076840211058,0.9865760581650187,7,333.33,500.0,False,0.006840188195651223,0.006840188195651223,2.280062731883741e-05,11.178632313812436,0.11178632313812437,0.06193692280070352,138.36102013613402
O=C=O,-10.027327392323754,-320.61728599101815,0.9942446109164786,17,250.0,500.0,False,1.5172110075946875e-05,1.5172110075946875e-05,5.0573700253156255e-08,10.027327392323754,0.10027327392323754,0.010687242866367273,74.15971316042717
O=C=S,-10.116277644012149,-349.85589712558817,0.9937522961644413,10,250.0,500.0,False,1.2591809843664109e-05,1.2591809843664109e-05,4.197269947888036e-08,10.116277644012149,0.10116277644012149,0.011661863237519606,75.79057721875068
O=O,-9.8793639864835,-269.90948288083763,0.9938396287026243,10,250.0,500.0,False,2.0831125682333225e-05,2.0831125682333225e-05,6.943708560777742e-08,9.8793639864835,0.09879363986483501,0.008996982762694587,71.42113371648955
O=P(Oc1ccccc1)(Oc1ccccc1)Oc1ccccc1,-11.679871639812609,2238.676441359567,0.9982651630594301,7,333.33,500.0,False,0.014733715569370106,0.014733715569370106,4.9112385231233686e-05,11.679871639812609,0.11679871639812608,0.0746225480453189,160.41499891753185
O=S1(=O)CCCC1,-11.574818959153108,2098.5510379574007,0.9945614468494183,18,298.15,423.15,False,0.010258498113765417,0.010258498113765417,3.419499371255139e-05,11.574818959153108,0.11574818959153108,0.06995170126524669,153.070888270014
O=[N+]([O-])F,-10.151241790036108,-297.8590031016028,0.9980353185282735,10,250.0,500.0,False,1.4460277743486646e-05,1.4460277743486646e-05,4.8200925811622154e-08,10.151241790036108,0.10151241790036108,0.009928633436720093,74.57866505579163
O=[N+]([O-])c1c(O)cccc1O,-12.1007136679446,2193.5396556980277,0.9982479835611405,6,361.11,500.0,False,0.008321482827101705,0.008321482827101705,2.7738276090339014e-05,12.1007136679446,0.121007136679446,0.07311798852326759,163.9595342394108
O=[N+]([O-])c1ccc(F)cc1,-11.220182307606311,1541.1816514711354,0.9994579274521318,8,305.56,500.0,False,0.0022815274273561828,0.0022815274273561828,7.605091424520609e-06,11.220182307606311,0.11220182307606312,0.05137272171570451,126.56749913359077
O=[N+]([O-])c1ccc(O)cc1,-12.66470576227879,2747.8170659162497,0.9998633918743015,5,388.89,500.0,False,0.030037293804131514,0.030037293804131514,0.00010012431268043838,12.66470576227879,0.1266470576227879,0.09159390219720832,197.7859634796149
O=[N+]([O-])c1ccc(Oc2ccc(C(F)(F)F)cc2[N+](=O)[O-])cc1,-11.298885267553054,1704.3354659521485,0.9994292738241969,5,388.89,500.0,False,0.003632743802718729,0.003632743802718729,1.210914600906243e-05,11.298885267553054,0.11298885267553054,0.056811182198404954,133.73087820633916
O=[N+]([O-])c1cccc(Cl)c1,-9.267545994051966,615.864745187886,0.9999990998990089,7,333.33,500.0,False,0.0007357181138439183,0.0007357181138439183,2.452393712813061e-06,9.267545994051966,0.09267545994051966,0.0205288248395962,76.12458428733883
O=[N+]([O-])c1cccc(F)c1,-11.030240788202143,1446.3505416459634,0.9995276546101656,8,305.56,500.0,False,0.002011102266259159,0.002011102266259159,6.7036742208638634e-06,11.030240788202143,0.11030240788202143,0.048211684721532116,120.90674607528231
O=[N+]([O-])c1cccc([N+](=O)[O-])c1,-12.116356904383222,2352.547904540003,0.9916409866842504,5,388.89,500.0,False,0.013918581181090338,0.013918581181090338,4.639527060363446e-05,12.116356904383222,0.12116356904383223,0.07841826348466677,171.26042807466374
O=[O+][O-],-10.108810332832356,-294.6513232484914,0.9904270133174194,10,250.0,500.0,False,1.5249232099232922e-05,1.5249232099232922e-05,5.083077366410974e-08,10.108810332832356,0.10108810332832356,0.009821710774949713,74.1155669299551
OC(O)C(Br)(Br)Br,-17.917976813373294,4415.396950546457,0.9964148183750351,7,333.33,500.0,False,0.0407627347783385,0.0407627347783385,0.00013587578259446166,17.917976813373294,0.17917976813373293,0.14717989835154857,411.30614398569855
OC1CCCC1,-15.333172706615727,3197.735866403215,0.9988548911046096,17,293.15,373.15,False,0.009334359174714318,0.009334359174714318,3.111453058238106e-05,15.333172706615727,0.15333172706615728,0.10659119554677383,266.7882841074278
OCC(O)CO,-19.737970526100497,5824.939835760508,0.9910933683596599,44,288.1,500.0,False,0.725057434765659,0.725057434765659,0.00241685811588553,19.737970526100497,0.19737970526100498,0.19416466119201695,608.3172016240093
OCC1CCCO1,-13.675753838859956,2524.0366657067243,0.9989235961433452,25,278.15,338.15,False,0.005183378130593036,0.005183378130593036,1.7277927101976787e-05,13.675753838859956,0.13675753838859955,0.08413455552355749,201.75959446615065
OCCCCO,-16.389381347942862,4092.8085233832244,0.999568194090583,14,293.15,363.15,False,0.06414005225605607,0.06414005225605607,0.00021380017418685357,16.389381347942862,0.16389381347942863,0.1364269507794408,348.88826657825314
OCCN(CCO)CCO,-22.113234237345537,6436.049564188952,0.9971555490509648,7,293.15,343.15,False,0.5169879614977213,0.5169879614977213,0.0017232932049924044,22.113234237345537,0.2211323423734554,0.21453498547296504,783.1603891009959
OCCNCCO,-17.153681387218334,4829.747328769433,0.9691518675005673,26,293.15,500.0,False,0.3483583371089161,0.3483583371089161,0.0011611944570297204,17.153681387218334,0.17153681387218334,0.16099157762564778,427.32240911305263
OCCOCCO,-14.334134567478635,3175.374572021393,0.986362714632539,33,288.15,464.05,False,0.023528268620469035,0.023528268620469035,7.842756206823012e-05,14.334134567478635,0.14334134567478635,0.10584581906737976,247.6186375281851
OCCOCCOCCOCCO,-15.483407172078458,3689.140936957856,0.9942647368014885,18,288.15,373.15,False,0.041325699213459,0.041325699213459,0.00013775233071153,15.483407172078458,0.1548340717207846,0.12297136456526186,301.09462314707275
S,-10.086851617078326,-365.2612302482002,0.9868307235196025,30,250.0,500.0,False,1.2318737863652178e-05,1.2318737863652178e-05,4.106245954550726e-08,10.086851617078326,0.10086851617078325,0.012175374341606674,75.98339404154449
[2H][2H],-10.466604047154409,-240.77114674460395,0.9902577409678115,10,250.0,500.0,True,1.2760264692925703e-05,1.2760264692925703e-05,4.253421564308567e-08,10.466604047154409,0.10466604047154408,0.0080257048914868,75.67380817652949
[Ar],-9.731668248776742,-288.1397818130619,0.9953158205088607,38,250.0,500.0,False,2.272297142405032e-05,2.272297142405032e-05,7.574323808016773e-08,9.731668248776742,0.09731668248776743,0.00960465939376873,70.67768509582531
[Br][Al]([Br])[Br],-10.258515686533135,1568.0354319928265,0.9998455750817062,5,388.89,500.0,False,0.006527502246552282,0.006527502246552282,2.175834082184094e-05,10.258515686533135,0.10258515686533136,0.052267847733094217,116.89973780002734
[C-]#[O+],-10.047414363626002,-265.35553163734505,0.9956089222660488,34,250.0,500.0,False,1.7878122444722053e-05,1.7878122444722053e-05,5.959374148240684e-08,10.047414363626002,0.10047414363626002,0.008845184387911502,72.73641607202077
[HH],-10.812246618892546,-241.21202903799866,0.9909363712940781,11,250.0,500.0,True,9.018011383243771e-06,9.018011383243771e-06,3.0060037944145904e-08,10.812246618892546,0.10812246618892546,0.008040400967933289,78.74934581163768
[He],-10.013063228814069,-240.7617107365532,0.9895618219253354,11,250.0,500.0,False,2.0083695030576055e-05,2.0083695030576055e-05,6.694565010192019e-08,10.013063228814069,0.10013063228814069,0.008025390357885107,71.73460641377073
[Hg],-7.497388394119035,304.5970928659205,0.9999999989020834,10,250.0,500.0,False,0.0015306470090536933,0.0015306470090536933,5.102156696845644e-06,7.497388394119035,0.07497388394119035,0.010153236428864017,53.05629391991433
[K],-9.188762711192066,548.1117182945882,0.9987603332180269,6,361.11,500.0,False,0.0006351028204505847,0.0006351028204505847,2.1170094015019487e-06,9.188762711192066,0.09188762711192065,0.018270390609819605,73.46229824582522
[Kr],-9.582226206189086,-296.071687442834,0.9950196568724086,10,250.0,500.0,False,2.5697114953107212e-05,2.5697114953107212e-05,8.56570498436907e-08,9.582226206189086,0.09582226206189086,0.009869056248094466,69.63121846182074
[N]=O,-9.95262735173815,-269.6369300037738,0.9945948650949097,10,250.0,500.0,False,1.9377128737891222e-05,1.9377128737891222e-05,6.459042912630407e-08,9.95262735173815,0.0995262735173815,0.00898789766679246,72.04241442517059
[Ne],-9.582369305598064,-229.2440373492365,0.991687127827732,10,250.0,500.0,False,3.2104443944805325e-05,3.2104443944805325e-05,1.0701481314935108e-07,9.582369305598064,0.09582369305598064,0.007641467911641217,67.75355884970739
[O]N=O,-9.575024902418225,-490.4280021719726,0.9998292672461948,8,305.56,500.0,False,1.3541047776868443e-05,1.3541047776868443e-05,4.513682592289481e-08,9.575024902418225,0.09575024902418225,0.016347600072399087,75.15292184645763
[S],-8.753314070146411,168.9644476018111,0.9999999949133069,8,305.56,500.0,False,0.000277386353719367,0.000277386353719367,9.246211790645567e-07,8.753314070146411,0.0875331407014641,0.005632148253393703,59.33304445254804
[SiH4],-10.391617940560204,-285.43909741413574,0.993374527624119,10,250.0,500.0,False,1.1851197998096211e-05,1.1851197998096211e-05,3.950399332698737e-08,10.391617940560204,0.10391617940560205,0.009514636580471192,76.3241858783592
[Xe],-9.565719264772355,-328.6229009858755,0.9946262864245182,10,250.0,500.0,False,2.343853876149599e-05,2.343853876149599e-05,7.812846253831996e-08,9.565719264772355,0.09565719264772354,0.010954096699529185,70.41329484189912
c1ccc(-c2ccccc2)cc1,-11.415593754733006,1665.9098425620298,0.9999919780376029,6,361.11,500.0,True,0.002843951142912044,0.002843951142912044,9.479837143040148e-06,11.415593754733006,0.11415593754733007,0.05553032808540099,133.59795909189228
c1ccc(-c2ccccc2-c2ccccc2)cc1,-13.818120731991543,3168.241623849997,0.9945859568007135,7,333.33,500.0,True,0.03849159708054604,0.03849159708054604,0.00012830532360182012,13.818120731991543,0.13818120731991543,0.10560805412833323,238.36205581174096
c1ccc(C(c2ccccc2)c2ccccc2)cc1,-12.080197649080285,2364.7402577538596,0.9999997061002553,5,388.89,500.0,True,0.015029653592299035,0.015029653592299035,5.009884530766345e-05,12.080197649080285,0.12080197649080285,0.07882467525846198,171.32122329144897
c1ccc(CNCc2ccccc2)cc1,-14.048166291347702,2733.0941445376225,0.9973433150734207,11,293.15,343.15,False,0.007169979552252575,0.007169979552252575,2.389993184084192e-05,14.048166291347702,0.14048166291347702,0.09110313815125409,218.33178607764884
c1ccc(COCc2ccccc2)cc1,-11.677679692873824,1881.721850119996,0.9918939291989033,9,277.78,500.0,False,0.004492825329424986,0.004492825329424986,1.4976084431416621e-05,11.677679692873824,0.11677679692873824,0.06272406167066653,145.3472315964306
c1ccc(Cc2ccccc2)cc1,-11.280345077869566,1600.399014411204,0.9997770086902437,8,305.56,500.0,True,0.0026171176601784483,0.0026171176601784483,8.723725533928161e-06,11.280345077869566,0.11280345077869566,0.05334663381370681,129.50403451912348
c1ccc(Nc2ccccc2)cc1,-12.41732118402842,2272.7888885835273,0.9899493237539244,7,333.33,500.0,False,0.00789632180620271,0.00789632180620271,2.6321072687342366e-05,12.41732118402842,0.12417321184028421,0.07575962961945092,171.73692024960516
c1ccc(OP(Oc2ccccc2)Oc2ccccc2)cc1,-12.431186731589325,2412.3246498626827,0.996740305622118,8,305.56,500.0,False,0.012399432601267378,0.012399432601267378,4.133144200422459e-05,12.431186731589325,0.12431186731589325,0.08041082166208942,178.3233677019258
c1ccc(Oc2ccccc2)cc1,-12.341464802606335,2010.245057624822,0.9989621778599557,17,303.15,500.0,False,0.0035505670926045964,0.0035505670926045964,1.1835223642015322e-05,12.341464802606335,0.12341464802606336,0.06700816858749406,159.11818466159878
c1ccc2c(c1)ccc1ccccc12,-10.99257890766125,-385.9209071264806,0.999245461195122,5,388.89,500.0,True,4.648425808832167e-06,4.648425808832167e-06,1.5494752696107225e-08,10.99257890766125,0.10992578907661249,0.012864030237549354,84.77138101158717
